document_id,maximal_passages,unique_words
GHD-04056,67,1795
GHD-00873,51,1615
GHD-00688,59,1581
GHD-00815,50,1548
GHD-05165,53,1543
GHD-03744,45,1493
GHD-04917,42,1462
GHD-03035,44,1343
GHD-05018,53,1339
GHD-01446,49,1326
GHD-01928,43,1302
GHD-00616,46,1268
GHD-02601,34,1184
GHD-01955,41,1165
GHD-05061,34,1106
GHD-04432,39,1074
GHD-01701,32,1064
GHD-00851,34,1058
GHD-01049,33,1007
GHD-03671,37,995
GHD-01833,30,980
GHD-00245,30,977
GHD-05051,36,966
GHD-05069,34,964
GHD-02544,33,950
GHD-04893,33,929
GHD-04738,33,928
GHD-04918,42,923
GHD-00251,33,915
GHD-00613,34,896
GHD-02698,31,892
GHD-04543,32,882
GHD-00485,33,881
GHD-05257,33,864
GHD-01047,38,853
GHD-03603,31,825
GHD-03665,28,824
GHD-00934,27,821
GHD-01093,30,808
GHD-03925,31,807
GHD-04143,29,802
GHD-00845,34,801
GHD-00592,24,796
GHD-02717,28,790
GHD-01055,34,790
GHD-03668,30,782
GHD-00270,27,778
GHD-04915,24,763
GHD-01591,27,761
GHD-03994,29,741
GHD-00802,26,730
GHD-03675,25,713
GHD-04072,25,712
GHD-05062,24,707
GHD-00600,26,696
GHD-05260,26,690
GHD-03993,24,689
GHD-03374,23,686
GHD-03307,24,685
GHD-03286,24,672
GHD-03460,23,668
GHD-00048,25,663
GHD-02445,27,663
GHD-03730,20,650
GHD-02732,22,645
GHD-00840,27,644
GHD-00669,23,643
GHD-04243,24,642
GHD-03520,20,629
GHD-00874,19,622
GHD-04076,22,621
GHD-02101,23,621
GHD-03478,22,618
GHD-00516,19,616
GHD-00798,22,612
GHD-04588,21,608
GHD-02276,26,602
GHD-02012,22,601
GHD-00974,20,588
GHD-01068,19,579
GHD-04690,21,576
GHD-00745,19,573
GHD-05159,19,571
GHD-01900,16,564
GHD-01152,20,561
GHD-04101,21,559
GHD-00697,20,555
GHD-00760,20,553
GHD-05112,21,547
GHD-01911,19,538
GHD-01445,19,526
GHD-02017,20,521
GHD-00776,20,520
GHD-05308,18,520
GHD-00997,18,520
GHD-02196,29,515
GHD-00607,20,515
GHD-03434,19,513
GHD-02526,17,511
GHD-01471,18,510
GHD-00795,18,509
GHD-01828,18,503
GHD-02042,16,495
GHD-05253,13,493
GHD-03083,15,479
GHD-02424,16,474
GHD-01920,16,473
GHD-04421,18,472
GHD-04452,19,471
GHD-03167,16,471
GHD-01965,14,469
GHD-00391,16,468
GHD-04900,19,466
GHD-00202,17,466
GHD-00400,16,460
GHD-03277,16,459
GHD-00813,17,459
GHD-00753,18,458
GHD-04732,17,457
GHD-00488,17,447
GHD-03421,18,445
GHD-03798,12,444
GHD-01737,15,438
GHD-03076,15,437
GHD-04444,17,435
GHD-03543,15,431
GHD-01912,16,427
GHD-03965,16,425
GHD-00227,14,421
GHD-03000,14,415
GHD-03886,14,414
GHD-04558,16,412
GHD-04446,15,410
GHD-04996,16,407
GHD-04069,15,406
GHD-03435,13,406
GHD-04830,18,405
GHD-02894,13,404
GHD-00144,15,401
GHD-05119,15,400
GHD-00255,16,400
GHD-01184,17,397
GHD-01882,11,397
GHD-00718,15,395
GHD-00079,13,383
GHD-01265,13,382
GHD-04571,13,377
GHD-01818,11,377
GHD-04420,13,375
GHD-00355,14,373
GHD-00450,15,372
GHD-05263,13,368
GHD-01747,12,367
GHD-00623,15,366
GHD-02340,15,366
GHD-01077,14,362
GHD-00818,15,361
GHD-03447,13,353
GHD-02171,12,352
GHD-00741,12,348
GHD-01643,12,346
GHD-01879,12,345
GHD-03851,12,345
GHD-04813,11,344
GHD-01470,13,343
GHD-00830,15,341
GHD-00412,10,337
GHD-03966,13,335
GHD-01847,11,328
GHD-03169,11,325
GHD-02295,11,323
GHD-01349,11,322
GHD-05282,12,321
GHD-00143,10,320
GHD-01020,12,319
GHD-01185,12,315
GHD-00586,11,315
GHD-02796,11,312
GHD-01399,11,312
GHD-00222,13,308
GHD-00935,11,308
GHD-01005,12,305
GHD-00928,11,301
GHD-03578,9,301
GHD-01416,11,300
GHD-01634,14,300
GHD-01191,10,300
GHD-00246,11,297
GHD-04210,10,294
GHD-02216,10,292
GHD-00403,11,292
GHD-03243,10,287
GHD-00129,12,279
GHD-00668,8,278
GHD-01085,9,278
GHD-00899,11,277
GHD-04943,9,275
GHD-00116,9,270
GHD-02259,10,269
GHD-02326,9,264
GHD-02194,11,264
GHD-01320,10,263
GHD-05053,10,261
GHD-03470,10,259
GHD-04659,9,255
GHD-00124,9,248
GHD-01914,9,248
GHD-02333,9,246
GHD-02157,9,245
GHD-04595,8,245
GHD-04284,9,244
GHD-03508,9,243
GHD-04929,9,243
GHD-01293,10,239
GHD-00313,9,239
GHD-01287,7,237
GHD-00320,10,237
GHD-04399,8,233
GHD-02099,9,232
GHD-01291,8,231
GHD-01959,9,230
GHD-01917,9,229
GHD-04494,9,226
GHD-01918,8,225
GHD-02924,8,224
GHD-03072,9,224
GHD-00175,8,223
GHD-01394,8,219
GHD-02560,7,217
GHD-03296,9,212
GHD-04203,8,209
GHD-03113,8,209
GHD-04196,7,208
GHD-00062,7,206
GHD-05243,8,205
GHD-01554,8,203
GHD-01813,7,203
GHD-01396,9,202
GHD-02015,5,201
GHD-01603,8,201
GHD-02882,8,199
GHD-02020,7,198
GHD-02968,8,198
GHD-04579,6,197
GHD-05310,8,195
GHD-00114,8,193
GHD-02193,7,192
GHD-01082,7,189
GHD-04373,7,188
GHD-01874,5,187
GHD-04381,7,184
GHD-03738,9,180
GHD-04526,6,180
GHD-01903,6,180
GHD-00653,6,179
GHD-00091,6,176
GHD-01583,7,174
GHD-03667,6,169
GHD-01604,6,168
GHD-02779,7,167
GHD-02488,5,161
GHD-05208,5,155
GHD-00331,5,154
GHD-01676,7,153
GHD-04772,5,150
GHD-01947,5,150
GHD-00061,6,148
GHD-03845,5,148
GHD-01110,5,146
GHD-00319,7,146
GHD-05210,5,146
GHD-00259,5,144
GHD-04367,5,141
GHD-01289,5,140
GHD-04811,3,138
GHD-04620,4,138
GHD-03686,5,138
GHD-00661,5,134
GHD-02213,4,132
GHD-01909,5,131
GHD-01017,5,131
GHD-02677,5,129
GHD-01257,5,128
GHD-02166,4,127
GHD-02489,4,127
GHD-03068,6,127
GHD-03257,5,127
GHD-02107,4,125
GHD-02162,5,124
GHD-04094,5,124
GHD-02085,5,123
GHD-03743,5,123
GHD-03287,4,123
GHD-03837,6,123
GHD-04583,4,122
GHD-02922,4,120
GHD-01248,4,120
GHD-00790,4,117
GHD-03820,4,117
GHD-04053,4,116
GHD-00004,4,115
GHD-01059,9,115
GHD-01712,4,115
GHD-05274,5,114
GHD-00250,4,114
GHD-03066,4,112
GHD-02282,4,112
GHD-03633,4,111
GHD-03491,4,110
GHD-05276,3,110
GHD-01733,4,110
GHD-00298,4,109
GHD-00522,4,108
GHD-01695,2,107
GHD-02724,4,106
GHD-05092,4,103
GHD-04379,4,103
GHD-02977,4,103
GHD-05264,4,103
GHD-01266,3,102
GHD-01869,3,101
GHD-00224,4,101
GHD-03834,4,99
GHD-03661,3,97
GHD-03347,4,97
GHD-04554,3,95
GHD-02462,3,95
GHD-05047,4,95
GHD-01081,3,95
GHD-02290,4,93
GHD-04326,3,92
GHD-02709,4,91
GHD-04341,2,91
GHD-00497,4,91
GHD-00012,3,90
GHD-02610,3,90
GHD-04904,3,90
GHD-02132,3,90
GHD-04447,3,90
GHD-02097,3,90
GHD-03292,3,90
GHD-01969,3,90
GHD-01670,3,89
GHD-05174,4,88
GHD-02471,4,88
GHD-05365,2,88
GHD-03503,3,88
GHD-04906,3,87
GHD-04872,3,87
GHD-00086,3,87
GHD-05011,3,86
GHD-00029,3,86
GHD-01224,3,86
GHD-02760,3,86
GHD-00283,3,85
GHD-04333,3,85
GHD-04070,3,84
GHD-04057,2,84
GHD-01280,3,84
GHD-01942,3,84
GHD-00446,3,84
GHD-04375,3,84
GHD-01428,3,83
GHD-01628,2,82
GHD-04746,3,82
GHD-00389,3,82
GHD-01014,3,82
GHD-05095,3,82
GHD-01472,3,81
GHD-02513,3,81
GHD-01926,3,81
GHD-03748,3,81
GHD-03652,3,81
GHD-03107,3,81
GHD-02999,3,80
GHD-01046,3,80
GHD-04154,3,80
GHD-04742,3,80
GHD-02476,3,80
GHD-00359,3,80
GHD-03102,3,79
GHD-02914,3,79
GHD-05200,3,79
GHD-02212,3,78
GHD-05074,3,78
GHD-04071,3,78
GHD-04572,2,78
GHD-02736,3,77
GHD-05096,3,77
GHD-00824,3,77
GHD-04122,3,76
GHD-02768,3,76
GHD-00789,3,76
GHD-03240,3,76
GHD-01281,3,76
GHD-04794,3,75
GHD-04936,3,75
GHD-03920,3,74
GHD-01620,3,74
GHD-04578,3,74
GHD-00323,3,74
GHD-03822,3,74
GHD-03241,1,73
GHD-00854,2,73
GHD-05328,3,72
GHD-03252,3,72
GHD-02182,3,71
GHD-04965,3,71
GHD-00819,3,71
GHD-01277,3,70
GHD-01963,3,69
GHD-05278,3,69
GHD-01270,2,68
GHD-04601,3,67
GHD-02486,3,66
GHD-03706,3,66
GHD-02566,2,65
GHD-04369,3,65
GHD-00438,4,63
GHD-04737,2,62
GHD-00621,5,62
GHD-02485,2,62
GHD-03918,2,60
GHD-03550,2,60
GHD-04799,2,60
GHD-03577,2,60
GHD-03610,2,60
GHD-03165,2,60
GHD-03168,2,60
GHD-02793,2,60
GHD-02191,2,60
GHD-03224,2,60
GHD-03420,2,60
GHD-02355,2,60
GHD-03908,2,60
GHD-02628,2,60
GHD-02602,2,60
GHD-02583,2,60
GHD-03358,2,60
GHD-03244,2,60
GHD-03504,2,60
GHD-02047,2,60
GHD-02164,2,60
GHD-01680,2,60
GHD-04422,2,60
GHD-00676,2,60
GHD-01830,2,60
GHD-01790,2,60
GHD-01258,2,60
GHD-01777,2,60
GHD-05082,2,60
GHD-05037,2,60
GHD-05029,2,60
GHD-04489,2,60
GHD-00900,2,60
GHD-04365,2,60
GHD-01035,2,60
GHD-01037,2,60
GHD-04275,2,60
GHD-01142,2,60
GHD-04232,2,60
GHD-01253,2,60
GHD-00509,2,60
GHD-01254,2,60
GHD-00090,2,60
GHD-02122,2,60
GHD-00241,2,60
GHD-00066,2,60
GHD-02417,2,59
GHD-01070,2,59
GHD-00367,2,59
GHD-02490,3,59
GHD-05003,2,59
GHD-04382,2,59
GHD-01783,3,59
GHD-04762,2,58
GHD-04139,3,58
GHD-04464,3,58
GHD-02511,2,57
GHD-03483,2,57
GHD-03973,2,57
GHD-01717,2,57
GHD-04771,2,57
GHD-02203,1,57
GHD-00737,1,57
GHD-02517,2,56
GHD-05147,2,56
GHD-04832,2,56
GHD-02752,3,56
GHD-05155,2,56
GHD-04463,2,56
GHD-03461,2,55
GHD-04823,2,55
GHD-01927,3,55
GHD-00699,2,55
GHD-00478,2,55
GHD-02184,2,55
GHD-04987,2,55
GHD-04079,2,54
GHD-03597,2,54
GHD-00763,2,54
GHD-03961,2,54
GHD-04724,2,53
GHD-03682,3,53
GHD-02056,2,53
GHD-04128,2,53
GHD-04648,2,53
GHD-02989,2,53
GHD-02750,2,52
GHD-04429,2,52
GHD-00336,2,52
GHD-04254,2,52
GHD-00100,2,52
GHD-03437,2,52
GHD-03835,2,51
GHD-05177,2,51
GHD-01319,2,51
GHD-05154,2,51
GHD-01351,3,51
GHD-01099,2,51
GHD-04925,2,51
GHD-01290,2,50
GHD-04050,2,50
GHD-02509,2,50
GHD-04075,2,50
GHD-01863,1,50
GHD-02727,2,50
GHD-01961,2,50
GHD-03888,2,50
GHD-03339,2,50
GHD-04188,2,49
GHD-03542,2,49
GHD-03385,2,49
GHD-01665,2,49
GHD-04115,2,49
GHD-04290,2,48
GHD-00758,2,48
GHD-03787,2,48
GHD-04845,2,48
GHD-03476,2,47
GHD-02504,2,47
GHD-01364,2,47
GHD-04280,1,47
GHD-04945,2,47
GHD-00720,2,46
GHD-04283,2,46
GHD-01205,2,46
GHD-03469,2,46
GHD-04809,2,46
GHD-03883,2,46
GHD-02411,2,46
GHD-05138,2,46
GHD-01347,2,45
GHD-00811,2,45
GHD-02244,1,45
GHD-01664,2,45
GHD-03992,1,45
GHD-01112,2,45
GHD-01839,2,44
GHD-00361,1,44
GHD-02570,2,43
GHD-04913,2,43
GHD-05150,1,41
GHD-00599,2,41
GHD-02972,2,41
GHD-00498,2,40
GHD-00812,2,40
GHD-04473,2,40
GHD-00267,1,39
GHD-01700,2,39
GHD-05170,2,39
GHD-02005,1,38
GHD-04059,2,38
GHD-00821,2,37
GHD-02337,1,37
GHD-00639,2,37
GHD-02106,3,36
CR-10.1142/s1013251120400081,2,35
GHD-00817,2,34
GHD-02478,2,34
CR-10.1177/18681034211057569,3,33
GHD-00589,1,31
GHD-03747,1,30
GHD-04569,1,30
GHD-04729,1,30
GHD-04657,1,30
GHD-03796,1,30
GHD-04556,1,30
GHD-04786,1,30
GHD-04773,1,30
GHD-03750,1,30
GHD-03989,1,30
GHD-04628,1,30
GHD-03917,1,30
GHD-03991,1,30
GHD-04244,1,30
GHD-04581,1,30
GHD-03981,1,30
GHD-04226,1,30
GHD-04288,1,30
GHD-04527,1,30
GHD-04216,1,30
GHD-03694,1,30
GHD-04351,1,30
GHD-03823,1,30
GHD-03699,1,30
GHD-04760,1,30
GHD-04102,1,30
GHD-03824,1,30
GHD-04100,1,30
GHD-04749,1,30
GHD-04281,1,30
GHD-04384,1,30
GHD-03806,1,30
GHD-03575,1,30
GHD-04524,1,30
GHD-03563,1,30
GHD-03868,1,30
GHD-04428,1,30
GHD-04441,1,30
GHD-04443,1,30
GHD-03535,1,30
GHD-04292,1,30
GHD-04273,1,30
GHD-04269,1,30
GHD-04001,1,30
GHD-03998,1,30
GHD-04497,1,30
GHD-03856,1,30
GHD-02455,1,30
GHD-01739,1,30
GHD-02158,1,30
GHD-01622,1,30
GHD-01504,1,30
GHD-01492,1,30
GHD-01480,1,30
GHD-01343,1,30
GHD-01285,1,30
GHD-01283,1,30
GHD-01249,1,30
GHD-01222,1,30
GHD-01219,1,30
GHD-01187,1,30
GHD-01176,1,30
GHD-01133,1,30
GHD-01124,1,30
GHD-01072,1,30
GHD-01065,1,30
GHD-01058,1,30
GHD-01697,1,30
GHD-01711,1,30
GHD-01761,1,30
GHD-01956,1,30
GHD-02087,1,30
GHD-04905,1,30
GHD-02044,1,30
GHD-02036,1,30
GHD-01975,1,30
GHD-01971,1,30
GHD-01962,1,30
GHD-01945,1,30
GHD-01773,1,30
GHD-01923,1,30
GHD-01919,1,30
GHD-01901,1,30
GHD-01887,1,30
GHD-01860,1,30
GHD-01854,1,30
GHD-01803,1,30
GHD-01056,1,30
GHD-04963,1,30
GHD-01053,1,30
GHD-00170,1,30
GHD-00371,1,30
GHD-00334,1,30
GHD-00282,1,30
GHD-00262,1,30
GHD-00217,1,30
GHD-00198,1,30
GHD-00183,1,30
GHD-00133,1,30
GHD-00433,1,30
GHD-00123,1,30
GHD-00083,1,30
GHD-00064,1,30
GHD-05157,1,30
GHD-05277,1,30
CR-10.1093/acrefore/9780190228637.013.330,2,30
GHD-05286,1,30
GHD-00424,1,30
GHD-00447,1,30
GHD-01042,1,30
GHD-00805,1,30
GHD-00966,1,30
GHD-04972,1,30
GHD-00923,1,30
GHD-00908,1,30
GHD-00834,1,30
GHD-00833,1,30
GHD-00823,1,30
GHD-00772,1,30
GHD-00510,1,30
GHD-05080,1,30
GHD-00759,1,30
GHD-00714,1,30
GHD-00651,1,30
GHD-00650,1,30
GHD-00603,1,30
GHD-00525,1,30
GHD-02134,1,30
GHD-04694,1,30
GHD-02733,1,30
GHD-02515,1,30
GHD-02501,1,30
GHD-02936,1,30
GHD-02926,1,30
GHD-03372,1,30
GHD-02913,1,30
GHD-02885,1,30
GHD-03254,1,30
GHD-04848,1,30
GHD-02512,1,30
GHD-03279,1,30
GHD-04870,1,30
GHD-02168,1,30
GHD-02516,1,30
GHD-02819,1,30
GHD-02567,1,30
GHD-02578,1,30
GHD-02770,1,30
GHD-02634,1,30
GHD-03336,1,30
GHD-02697,1,30
GHD-03379,1,30
GHD-02942,1,30
GHD-02497,1,30
GHD-02945,1,30
GHD-02178,1,30
GHD-02179,1,30
GHD-03106,1,30
GHD-02198,1,30
GHD-03079,1,30
GHD-02225,1,30
GHD-02239,1,30
GHD-03054,1,30
GHD-04891,1,30
GHD-02370,1,30
GHD-02394,1,30
GHD-03028,1,30
GHD-03022,1,30
GHD-03235,1,30
GHD-02984,1,30
GHD-04876,1,30
GHD-02456,1,30
GHD-04837,1,30
GHD-03327,1,30
GHD-05120,1,29
GHD-00426,1,29
GHD-03290,1,29
GHD-02784,1,29
GHD-02163,1,29
GHD-01698,1,29
GHD-01449,1,29
GHD-03913,1,29
GHD-01517,1,29
GHD-01450,1,29
GHD-04824,1,28
GHD-03821,1,28
GHD-03383,1,28
GHD-02444,1,28
GHD-01889,1,28
GHD-04871,1,28
GHD-03032,1,28
GHD-01282,1,28
GHD-03137,1,28
GHD-01255,1,28
GHD-04959,1,28
GHD-00435,1,28
GHD-02603,1,28
GHD-01090,1,28
GHD-02181,1,28
GHD-01210,1,28
GHD-03449,1,27
GHD-00495,1,27
GHD-04888,1,27
GHD-03893,1,27
GHD-02475,1,27
GHD-03116,1,27
GHD-03496,1,27
GHD-04611,1,27
GHD-04850,1,27
GHD-02773,1,27
GHD-04532,1,27
CR-10.1017/s1752971923000118,2,26
GHD-02484,1,26
GHD-00396,1,26
GHD-04465,1,26
GHD-00828,1,26
GHD-03046,1,26
GHD-01520,1,26
GHD-04551,1,26
GHD-02959,1,25
GHD-02787,1,25
GHD-05102,1,25
GHD-03702,1,25
GHD-02242,1,25
GHD-02911,1,25
GHD-02754,1,25
GHD-00040,1,25
GHD-05169,1,24
GHD-05151,1,24
GHD-03295,1,24
GHD-03446,1,24
GHD-00354,1,24
GHD-00785,1,24
GHD-01868,1,24
GHD-01730,1,24
GHD-04236,1,24
GHD-01092,1,24
GHD-01078,1,24
GHD-04935,1,24
GHD-00466,1,24
GHD-00602,1,24
GHD-00662,1,24
GHD-00615,1,24
GHD-00848,1,23
GHD-03490,1,23
GHD-01886,1,23
GHD-02505,1,23
CR-10.14710/ip.v6i2.43540,2,23
GHD-01609,1,23
GHD-01327,1,23
GHD-04851,1,23
GHD-05115,1,23
GHD-00200,1,23
GHD-02798,1,23
GHD-02872,1,23
GHD-02868,1,23
GHD-05173,1,22
GHD-04735,1,22
GHD-05305,1,22
10.1016/j.socscimed.2016.03.004,1,22
GHD-00825,1,22
10.1177/146499340800900104,1,22
GHD-04654,1,22
GHD-00826,1,22
GHD-00721,1,22
GHD-04182,1,22
CR-10.54945/jjia.v11i1.189,1,22
10.2471/BLT.06.039222,1,22
GHD-01714,1,21
GHD-01729,1,21
GHD-00786,1,21
GHD-02328,1,21
GHD-05124,1,21
GHD-05164,1,21
GHD-00859,1,21
GHD-04476,1,21
GHD-04411,1,21
GHD-02726,1,20
GHD-04550,1,20
GHD-00801,1,20
GHD-04511,2,20
GHD-00770,1,20
GHD-04383,1,20
GHD-02283,1,20
GHD-04245,1,20
GHD-03980,1,20
GHD-00443,1,20
GHD-03427,1,20
CR-10.22456/2238-6912.138192,2,20
GHD-03639,1,20
GHD-03607,1,20
GHD-03778,1,19
GHD-00792,1,19
GHD-00767,1,19
10.1080/14754835.2011.569295,1,19
CR-10.1590/0034-7329201900112,1,19
EP-PPR703972,1,19
GHD-00102,1,19
GHD-01054,1,18
GHD-00748,1,18
GHD-00211,1,18
GHD-05341,1,18
GHD-00456,1,18
CR-10.47706/kkifpr.2021.3.112-126,1,18
GHD-00809,1,18
GHD-05149,1,18
PMID:416458,1,18
GHD-04370,1,18
GHD-04172,1,18
GHD-04930,1,18
GHD-01939,1,18
CR-10.1177/0020702019834724,1,17
GHD-03473,1,17
GHD-00857,1,17
GHD-05176,1,17
GHD-02480,1,17
GHD-03238,1,17
GHD-01325,1,17
GHD-01526,1,16
GHD-02189,1,16
GHD-00761,1,16
CR-10.1093/ia/iiad225,1,16
GHD-00791,1,16
CR-10.3390/socsci11060259,1,16
GHD-00417,1,16
GHD-01427,1,16
GHD-03819,1,16
GHD-03657,1,16
GHD-00188,1,16
CR-10.62951/ijlcj.v1i3.119,1,16
GHD-02934,1,16
GHD-02280,1,16
GHD-02507,1,15
10.1016/s2666-7568(21)00031-3,1,15
GHD-04666,1,15
GHD-03919,1,15
10.4103/jfmpc.jfmpc_2253_20,1,15
10.18356/9789210059060,1,15
GHD-03979,1,15
CR-10.17506/18179568_2025_22_3_99,1,14
CR-10.53300/001c.137839,1,14
GHD-00836,1,14
EP-33424219,1,14
CR-10.1057/s41311-021-00343-y,1,13
GHD-04658,1,13
CR-10.1016/s0140-6736(26)01153-0,1,13
GHD-03953,1,13
GHD-02883,1,13
GHD-00937,1,13
CR-10.67171/pe1gae27,1,12
GHD-00101,1,12
GHD-02143,1,12
GHD-05152,1,12
GHD-01060,1,12
GHD-00290,1,12
GHD-00800,1,12
GHD-00781,1,12
EP-PPR342044,1,11
GHD-00030,1,11
GHD-00827,1,11
GHD-02734,1,11
CR-10.21810/jicw.v6i2.6253,1,11
GHD-02084,1,11
GHD-05163,1,10
GHD-01087,1,10
GHD-05013,1,10
GHD-00754,1,10
EP-38626321,1,9
GHD-02884,1,9
GHD-01095,1,9
CR-10.2139/ssrn.6680178,1,8
CR-10.1093/oxfordhb/9780197673546.013.15,1,8
CR-10.2307/2010291,1,8
GHD-01261,1,8
GHD-01036,1,8
GHD-01088,1,8
CR-10.1111/1758-5899.70100,1,7
CR-10.4324/9781003508526-15,1,6
GHD-00596,1,5
GHD-01131,1,4
EP-41026749,1,4
